{
	"format_version": "1.8.0",
	"animations": {
		"animation.bejeweled_skipper.walk": {
			"loop": true,
			"animation_length": 1,
			"bones": {
				"body": {
					"rotation": {
						"0.0": [-4.95744, -0.65182, -7.47178],
						"0.25": [-2.4481, -0.21411, -4.99543],
						"0.5": [0.04256, 0.65182, 7.47178],
						"0.75": [-2.4481, 0.21411, 4.99543],
						"1.0": [-4.95744, -0.65182, -7.47178]
					}
				},
				"right_leg": {
					"rotation": {
						"0.0": [10, 0, 0],
						"0.25": [-6.19898, 2.727, -0.66961],
						"0.5": [-21.26765, 7.52076, 18.58597],
						"0.75": [-6.19898, 2.727, -0.66961],
						"1.0": [10, 0, 0]
					},
					"position": {
						"0.0": [0, 0, 1],
						"0.25": [0, 0, 0],
						"0.5": [0, 0, -1],
						"0.75": [0, 0, 0],
						"1.0": [0, 0, 1]
					}
				},
				"tail": {
					"rotation": {
						"0.0": [0, 25, 0],
						"0.5": [0, -20, 0],
						"1.0": [0, 25, 0]
					}
				},
				"upper_fin": {
					"rotation": {
						"0.0": [0, 0, -22.5],
						"0.5": [0, 0, 27.5],
						"1.0": [0, 0, -22.5]
					}
				},
				"left_leg": {
					"rotation": {
						"0.0": [-28.07555, -11.0311, -19.7339],
						"0.25": [-6.14091, -2.53783, -0.16753],
						"0.5": [2.4905, 0.21782, -4.99527],
						"0.75": [-6.14091, -2.53783, -0.16753],
						"1.0": [-28.07555, -11.0311, -19.7339]
					},
					"position": {
						"0.0": [0, 0, -1],
						"0.25": [0, 0, 0],
						"0.5": [0, 0, 1],
						"0.75": [0, 0, 0],
						"1.0": [0, 0, -1]
					}
				},
				"nose": {
					"rotation": {
						"0.0": [15, 0, 0],
						"0.5": [-7.5, 0, 0],
						"1.0": [15, 0, 0]
					}
				}
			}
		},
		"animation.bejeweled_skipper.idle": {
			"animation_length": 1,
			"bones": {
				"nose": {
					"rotation": {
						"0.0": {
							"post": [0, 0, 0],
							"lerp_mode": "catmullrom"
						},
						"0.25": {
							"post": [-10, 0, 0],
							"lerp_mode": "catmullrom"
						},
						"0.5": {
							"post": [0, 0, 0],
							"lerp_mode": "catmullrom"
						},
						"0.75": {
							"post": [10, 0, 0],
							"lerp_mode": "catmullrom"
						},
						"1.0": {
							"post": [0, 0, 0],
							"lerp_mode": "catmullrom"
						}
					}
				}
			}
		}
	}
}