{
	"format_version": "1.8.0",
	"animations": {
		"animation.magma_tyrant.move": {
			"loop": true,
			"animation_length": 2,
			"bones": {
				"mouth": {
					"rotation": {
						"0.0": [2.5, 0, 0],
						"0.25": [3.75, 0, 0],
						"0.5": [10, 0, 0],
						"0.75": [3.75, 0, 0],
						"1.0": [2.5, 0, 0],
						"1.25": [3.75, 0, 0],
						"1.5": [10, 0, 0],
						"2.0": [2.5, 0, 0]
					}
				},
				"tail0": {
					"rotation": {
						"0.0": [-2.59882, -17.49016, 0.45502],
						"0.5": [-2.56583, 14.97858, -0.99009],
						"1.0": [-2.59882, -17.49016, 0.45502],
						"1.5": [-2.56583, 14.97858, -0.99009],
						"2.0": [-2.59882, -17.49016, 0.45502]
					}
				},
				"tail1": {
					"rotation": {
						"0.0": [-2.54884, -14.99515, 0.2255],
						"0.5": [-2.46432, 2.48837, -0.54145],
						"1.0": [-2.54884, -14.99515, 0.2255],
						"1.5": [-2.46432, 2.48837, -0.54145],
						"2.0": [-2.54884, -14.99515, 0.2255]
					}
				},
				"tail2": {
					"rotation": {
						"0.0": [-2.66435, 24.98991, -0.47881],
						"0.5": [-2.56931, -19.96785, 1.52535],
						"1.0": [-2.66435, 24.98991, -0.47881],
						"1.5": [-2.56931, -19.96785, 1.52535],
						"2.0": [-2.66435, 24.98991, -0.47881]
					}
				},
				"tail3": {
					"rotation": {
						"0.0": [-2.61371, 22.49256, -0.35307],
						"0.5": [-2.6132, -22.4653, 1.64659],
						"1.0": [-2.61371, 22.49256, -0.35307],
						"1.5": [-2.6132, -22.4653, 1.64659],
						"2.0": [-2.61371, 22.49256, -0.35307]
					}
				},
				"right_arm": {
					"rotation": {
						"0.0": [22.5, 0, 0],
						"0.25": [17.43745, -1.50179, 4.76968],
						"0.5": [12.5, 0, 0],
						"0.75": [17.43745, -1.50179, 4.76968],
						"1.0": [22.5, 0, 0],
						"1.25": [17.43745, -1.50179, 4.76968],
						"1.5": [12.5, 0, 0],
						"1.75": [17.43745, -1.50179, 4.76968],
						"2.0": [22.5, 0, 0]
					}
				},
				"right_hand": {
					"rotation": {
						"0.0": [0, 0, 20],
						"1.0": [0, 0, 20]
					}
				},
				"body": {
					"rotation": {
						"0.0": [0, 0, 5],
						"0.5": [0, 0, -7.5],
						"1.0": [0, 0, 5],
						"1.5": [0, 0, -5],
						"2.0": [0, 0, 5]
					}
				},
				"neck": {
					"rotation": {
						"0.0": [35, 0, 0],
						"0.25": [31.25, 0, 0],
						"0.5": [22.5, 0, 0],
						"0.75": [31.25, 0, 0],
						"1.0": [35, 0, 0],
						"1.25": [31.25, 0, 0],
						"1.5": [22.5, 0, 0],
						"1.75": [31.25, 0, 0],
						"2.0": [35, 0, 0]
					}
				},
				"head": {
					"rotation": {
						"0.0": [-17.5, 0, 0],
						"0.25": [-8.75, 0, 0],
						"0.5": [-10, 0, 0],
						"0.75": [-8.75, 0, 0],
						"1.0": [-17.5, 0, 0],
						"1.25": [-8.75, 0, 0],
						"1.5": [-10, 0, 0],
						"1.75": [-8.75, 0, 0],
						"2.0": [-17.5, 0, 0]
					}
				},
				"right_leg": {
					"rotation": {
						"0.0": [-20, 0, 0],
						"0.5": [27.5, 0, 0],
						"1.0": [-20, 0, 0],
						"1.5": [27.5, 0, 0],
						"2.0": [-20, 0, 0]
					}
				},
				"right_lower_leg": {
					"rotation": {
						"0.0": [-22.5, 0, 0],
						"0.5": [-32.5, 0, 0],
						"1.0": [-22.5, 0, 0],
						"1.5": [-32.5, 0, 0],
						"2.0": [-22.5, 0, 0]
					}
				},
				"right_foot": {
					"rotation": {
						"0.0": [142.5, 0, 0],
						"0.25": [121.25, 0, 0],
						"0.5": [60, 0, 0],
						"0.75": [121.25, 0, 0],
						"1.0": [142.5, 0, 0],
						"1.25": [121.25, 0, 0],
						"1.5": [60, 0, 0],
						"1.75": [121.25, 0, 0],
						"2.0": [142.5, 0, 0]
					}
				},
				"left_leg": {
					"rotation": {
						"0.0": [40, 0, 0],
						"0.5": [-17.5, 0, 0],
						"1.0": [40, 0, 0],
						"1.5": [-17.5, 0, 0],
						"2.0": [40, 0, 0]
					}
				},
				"left_lower_leg": {
					"rotation": {
						"0.0": [-27.5, 0, 0],
						"0.5": [-22.5, 0, 0],
						"1.0": [-27.5, 0, 0],
						"1.5": [-22.5, 0, 0],
						"2.0": [-27.5, 0, 0]
					}
				},
				"left_foot": {
					"rotation": {
						"0.0": [55, 0, 0],
						"0.25": [118.75, 0, 0],
						"0.5": [117.5, 0, 0],
						"0.75": [118.75, 0, 0],
						"1.0": [55, 0, 0],
						"1.25": [118.75, 0, 0],
						"1.5": [117.5, 0, 0],
						"1.75": [118.75, 0, 0],
						"2.0": [55, 0, 0]
					}
				},
				"left_arm": {
					"rotation": {
						"0.0": [27.5, 0, 0],
						"0.25": [22.42287, 1.91134, -4.62111],
						"0.5": [17.5, 0, 0],
						"0.75": [22.42287, 1.91134, -4.62111],
						"1.0": [27.5, 0, 0],
						"1.25": [22.42287, 1.91134, -4.62111],
						"1.5": [17.5, 0, 0],
						"1.75": [22.42287, 1.91134, -4.62111],
						"2.0": [27.5, 0, 0]
					}
				},
				"left_hand": {
					"rotation": {
						"0.0": [0, 0, -22.5],
						"1.0": [0, 0, -22.5],
						"2.0": [0, 0, -22.5]
					}
				}
			}
		},
		"animation.magma_tyrant.idle": {
			"animation_length": 1.125,
			"bones": {
				"neck": {
					"rotation": {
						"0.0": {
							"post": [0, 0, 0],
							"lerp_mode": "catmullrom"
						},
						"0.4583": {
							"post": [-15, 0, 0],
							"lerp_mode": "catmullrom"
						},
						"0.7083": {
							"post": [-15, 0, 0],
							"lerp_mode": "catmullrom"
						},
						"1.125": {
							"post": [0, 0, 0],
							"lerp_mode": "catmullrom"
						}
					},
					"position": {
						"0.0": {
							"post": [0, 0, 0],
							"lerp_mode": "catmullrom"
						},
						"0.4583": {
							"post": [0, 0, 0],
							"lerp_mode": "catmullrom"
						},
						"0.7083": {
							"post": [0, 0, 0],
							"lerp_mode": "catmullrom"
						},
						"1.125": {
							"post": [0, 0, 0],
							"lerp_mode": "catmullrom"
						}
					}
				},
				"head": {
					"rotation": {
						"0.0": {
							"post": [0, 0, 0],
							"lerp_mode": "catmullrom"
						},
						"0.4583": {
							"post": [-5, 0, 0],
							"lerp_mode": "catmullrom"
						},
						"0.7083": {
							"post": [-5, 0, 0],
							"lerp_mode": "catmullrom"
						},
						"1.125": {
							"post": [0, 0, 0],
							"lerp_mode": "catmullrom"
						}
					},
					"position": {
						"0.0": {
							"post": [0, 0, 0],
							"lerp_mode": "catmullrom"
						},
						"0.4583": {
							"post": [0, 0, 0],
							"lerp_mode": "catmullrom"
						},
						"0.7083": {
							"post": [0, 0, 0],
							"lerp_mode": "catmullrom"
						},
						"1.125": {
							"post": [0, 0, 0],
							"lerp_mode": "catmullrom"
						}
					}
				},
				"mouth": {
					"rotation": {
						"0.0": {
							"post": [0, 0, 0],
							"lerp_mode": "catmullrom"
						},
						"0.3333": {
							"post": [0, 0, 0],
							"lerp_mode": "catmullrom"
						},
						"0.625": {
							"post": [22.5, 0, 0],
							"lerp_mode": "catmullrom"
						},
						"0.8333": {
							"post": [22.5, 0, 0],
							"lerp_mode": "catmullrom"
						},
						"1.0833": {
							"post": [0, 0, 0],
							"lerp_mode": "catmullrom"
						}
					},
					"position": {
						"0.0": {
							"post": [0, 0, 0],
							"lerp_mode": "catmullrom"
						},
						"0.3333": {
							"post": [0, 0, 0],
							"lerp_mode": "catmullrom"
						},
						"0.625": {
							"post": [0, 0, 0],
							"lerp_mode": "catmullrom"
						},
						"0.8333": {
							"post": [0, 0, 0],
							"lerp_mode": "catmullrom"
						},
						"1.0833": {
							"post": [0, 0, 0],
							"lerp_mode": "catmullrom"
						}
					}
				}
			}
		},
		"animation.magma_tyrant.attack": {
			"animation_length": 1,
			"bones": {
				"neck": {
					"rotation": {
						"0.0": {
							"post": [0, 0, 0],
							"lerp_mode": "catmullrom"
						},
						"0.2917": {
							"post": [22.5, 0, 0],
							"lerp_mode": "catmullrom"
						},
						"0.5": {
							"post": [0, 0, 0],
							"lerp_mode": "catmullrom"
						}
					},
					"position": {
						"0.0": {
							"post": [0, 0, 0],
							"lerp_mode": "catmullrom"
						},
						"0.2917": {
							"post": [0, 0, 0],
							"lerp_mode": "catmullrom"
						},
						"0.5": {
							"post": [0, 0, 0],
							"lerp_mode": "catmullrom"
						}
					}
				},
				"head": {
					"rotation": {
						"0.0": {
							"post": [0, 0, 0],
							"lerp_mode": "catmullrom"
						},
						"0.2917": {
							"post": [-17.5, 0, 0],
							"lerp_mode": "catmullrom"
						},